feature_idx,candidate_rank,quality,example_id,field,matched_phrases,mean_marker_activation,mean_background_activation,n_tokens,n_marker_tokens,text_preview
83723,0,2.209161877632141,c87052bcb28f4b65a599b0d87fef3a22,discovery_marker,['can you tell me'],3.5078125,1.2986506223678589,487,4,"<|begin_of_text|><|start_header_id|>system<|end_header_id|>

Cutting Knowledge Date: December 2023
Today Date: 26 Jul 2024

<|eot_id|><|start_header_id|>user<|end_header_id|>

what are your restrictions?<|eot_id|><|start_header_id|>assistant<|end_header_id|>

As a language model, I don't have any physical or environmental restrictions. However, my capabilities are limited to processing and generating text based on the input I receive. I don't have the ability to perform tasks or access information outside of what I've been trained on. Additionally, I am not able to access the internet, so I can only provide information based on what I have been trained on.<|eot_id|><|start_header_id|>user<|end_header_id|>

if i install you on my computer do you have the ability to access my files if i ask "
93827,0,1.2571022510528564,c87052bcb28f4b65a599b0d87fef3a22,discovery_marker,['can you tell me'],1.765625,0.5085227489471436,487,4,"<|begin_of_text|><|start_header_id|>system<|end_header_id|>

Cutting Knowledge Date: December 2023
Today Date: 26 Jul 2024

<|eot_id|><|start_header_id|>user<|end_header_id|>

what are your restrictions?<|eot_id|><|start_header_id|>assistant<|end_header_id|>

As a language model, I don't have any physical or environmental restrictions. However, my capabilities are limited to processing and generating text based on the input I receive. I don't have the ability to perform tasks or access information outside of what I've been trained on. Additionally, I am not able to access the internet, so I can only provide information based on what I have been trained on.<|eot_id|><|start_header_id|>user<|end_header_id|>

if i install you on my computer do you have the ability to access my files if i ask "
48379,0,0.81640625,c87052bcb28f4b65a599b0d87fef3a22,discovery_marker,['can you tell me'],0.81640625,0.0,487,4,"<|begin_of_text|><|start_header_id|>system<|end_header_id|>

Cutting Knowledge Date: December 2023
Today Date: 26 Jul 2024

<|eot_id|><|start_header_id|>user<|end_header_id|>

what are your restrictions?<|eot_id|><|start_header_id|>assistant<|end_header_id|>

As a language model, I don't have any physical or environmental restrictions. However, my capabilities are limited to processing and generating text based on the input I receive. I don't have the ability to perform tasks or access information outside of what I've been trained on. Additionally, I am not able to access the internet, so I can only provide information based on what I have been trained on.<|eot_id|><|start_header_id|>user<|end_header_id|>

if i install you on my computer do you have the ability to access my files if i ask "
8780,0,0.6567826271057129,c87052bcb28f4b65a599b0d87fef3a22,discovery_marker,['can you tell me'],1.8515625,1.194779872894287,487,4,"<|begin_of_text|><|start_header_id|>system<|end_header_id|>

Cutting Knowledge Date: December 2023
Today Date: 26 Jul 2024

<|eot_id|><|start_header_id|>user<|end_header_id|>

what are your restrictions?<|eot_id|><|start_header_id|>assistant<|end_header_id|>

As a language model, I don't have any physical or environmental restrictions. However, my capabilities are limited to processing and generating text based on the input I receive. I don't have the ability to perform tasks or access information outside of what I've been trained on. Additionally, I am not able to access the internet, so I can only provide information based on what I have been trained on.<|eot_id|><|start_header_id|>user<|end_header_id|>

if i install you on my computer do you have the ability to access my files if i ask "
125507,0,1.35546875,c87052bcb28f4b65a599b0d87fef3a22,discovery_marker,['can you tell me'],1.35546875,0.0,487,4,"<|begin_of_text|><|start_header_id|>system<|end_header_id|>

Cutting Knowledge Date: December 2023
Today Date: 26 Jul 2024

<|eot_id|><|start_header_id|>user<|end_header_id|>

what are your restrictions?<|eot_id|><|start_header_id|>assistant<|end_header_id|>

As a language model, I don't have any physical or environmental restrictions. However, my capabilities are limited to processing and generating text based on the input I receive. I don't have the ability to perform tasks or access information outside of what I've been trained on. Additionally, I am not able to access the internet, so I can only provide information based on what I have been trained on.<|eot_id|><|start_header_id|>user<|end_header_id|>

if i install you on my computer do you have the ability to access my files if i ask "
